{"cameraMode":{"drawMode":0,"name":"Shaded","section":"Shading Mode"},"sceneLighting":true,"audioPlay":false,"sceneViewState":{"showFog":true,"showMaterialUpdate":false,"showSkybox":true,"showFlares":true,"showImageEffects":true,"showParticleSystems":true},"in2DMode":false,"pivot":{"x":-0.08756613731384278,"y":3.6544055938720705,"z":-0.5940589904785156},"rotation":{"x":-0.276071161031723,"y":0.08405817300081253,"z":-0.02424534037709236,"w":-0.9571475982666016},"size":10.370731353759766,"orthographic":false}