{"cameraMode":{"drawMode":0,"name":"Shaded","section":"Shading Mode"},"sceneLighting":true,"audioPlay":false,"sceneViewState":{"showFog":true,"showMaterialUpdate":false,"showSkybox":true,"showFlares":true,"showImageEffects":true,"showParticleSystems":true},"in2DMode":false,"pivot":{"x":3.721445083618164,"y":-2.1366844177246095,"z":14.64885139465332},"rotation":{"x":0.18393771350383759,"y":-0.2205313742160797,"z":0.04238925874233246,"w":0.9569408893585205},"size":18.5343074798584,"orthographic":false}