{"cameraMode":{"drawMode":0,"name":"Shaded","section":"Shading Mode"},"sceneLighting":true,"audioPlay":false,"sceneViewState":{"showFog":true,"showMaterialUpdate":false,"showSkybox":true,"showFlares":true,"showImageEffects":true,"showParticleSystems":true},"in2DMode":false,"pivot":{"x":5.43768835067749,"y":4.286172866821289,"z":-1.5633544921875},"rotation":{"x":-0.30698728561401369,"y":0.31627434492111208,"z":-0.10897208005189896,"w":-0.8909858465194702},"size":4.7849650382995609,"orthographic":false}